{"cameraMode":{"drawMode":0,"name":"Shaded","section":"Shading Mode"},"sceneLighting":true,"audioPlay":false,"sceneViewState":{"showFog":true,"showMaterialUpdate":false,"showSkybox":true,"showFlares":true,"showImageEffects":true,"showParticleSystems":true},"in2DMode":false,"pivot":{"x":2.127930164337158,"y":2.7990550994873049,"z":0.7371494770050049},"rotation":{"x":0.11325140297412873,"y":0.5519838333129883,"z":-0.07599084824323654,"w":0.8226301074028015},"size":4.192723751068115,"orthographic":false}