{"cameraMode":{"drawMode":0,"name":"Shaded","section":"Shading Mode"},"sceneLighting":true,"audioPlay":false,"sceneViewState":{"showFog":true,"showMaterialUpdate":false,"showSkybox":true,"showFlares":true,"showImageEffects":true,"showParticleSystems":true},"in2DMode":false,"pivot":{"x":-0.5710235834121704,"y":8.45143985748291,"z":-5.400178909301758},"rotation":{"x":-0.08563830703496933,"y":-0.13757291436195374,"z":0.012958922423422337,"w":-0.986906111240387},"size":20.817955017089845,"orthographic":false}