{"cameraMode":{"drawMode":0,"name":"Shaded","section":"Shading Mode"},"sceneLighting":false,"audioPlay":false,"sceneViewState":{"showFog":true,"showMaterialUpdate":false,"showSkybox":false,"showFlares":true,"showImageEffects":true,"showParticleSystems":true},"in2DMode":false,"pivot":{"x":-66.95580291748047,"y":59.90181350708008,"z":-226.09844970703126},"rotation":{"x":0.10452611744403839,"y":0.2203681766986847,"z":-0.02375844679772854,"w":0.9695158004760742},"size":35.87077331542969,"orthographic":false}