{"cameraMode":{"drawMode":0,"name":"Shaded","section":"Shading Mode"},"sceneLighting":false,"audioPlay":false,"sceneViewState":{"showFog":true,"showMaterialUpdate":false,"showSkybox":false,"showFlares":true,"showImageEffects":true,"showParticleSystems":true},"in2DMode":false,"pivot":{"x":-21.087055206298829,"y":5.111041069030762,"z":8.525960922241211},"rotation":{"x":-0.12010286748409271,"y":-0.49894076585769656,"z":0.07008399069309235,"w":-0.85548335313797},"size":32.125335693359378,"orthographic":false}