{"cameraMode":{"drawMode":0,"name":"Shaded","section":"Shading Mode"},"sceneLighting":true,"audioPlay":false,"sceneViewState":{"showFog":true,"showMaterialUpdate":false,"showSkybox":true,"showFlares":true,"showImageEffects":true,"showParticleSystems":true},"in2DMode":false,"pivot":{"x":-0.4215814471244812,"y":1.8167403936386109,"z":-4.683217525482178},"rotation":{"x":0.1911676973104477,"y":0.000944953877478838,"z":0.00009362570563098416,"w":0.9818316102027893},"size":1.261447548866272,"orthographic":false}