{"cameraMode":{"drawMode":0,"name":"Shaded","section":"Shading Mode"},"sceneLighting":true,"audioPlay":false,"sceneViewState":{"showFog":true,"showMaterialUpdate":false,"showSkybox":true,"showFlares":true,"showImageEffects":true,"showParticleSystems":true},"in2DMode":false,"pivot":{"x":-89.25040435791016,"y":43.61249542236328,"z":-43.845699310302737},"rotation":{"x":-0.21022632718086244,"y":-0.46217477321624758,"z":0.11173801869153977,"w":-0.8546367287635803},"size":5.971706867218018,"orthographic":false}