{"cameraMode":{"drawMode":0,"name":"Shaded","section":"Shading Mode"},"sceneLighting":true,"audioPlay":false,"sceneViewState":{"showFog":true,"showMaterialUpdate":false,"showSkybox":true,"showFlares":true,"showImageEffects":true,"showParticleSystems":true},"in2DMode":false,"pivot":{"x":-7.419274806976318,"y":34.63569259643555,"z":-54.128177642822269},"rotation":{"x":-0.18219925463199616,"y":-0.02948342263698578,"z":0.005522302817553282,"w":-0.9828565120697022},"size":21.814620971679689,"orthographic":false}