{"cameraMode":{"drawMode":0,"name":"Shaded","section":"Shading Mode"},"sceneLighting":true,"audioPlay":false,"sceneViewState":{"showFog":true,"showMaterialUpdate":false,"showSkybox":true,"showFlares":true,"showImageEffects":true,"showParticleSystems":true},"in2DMode":false,"pivot":{"x":-147.74085998535157,"y":189.38572692871095,"z":-265.2071533203125},"rotation":{"x":-0.0050071049481630329,"y":-0.23976248502731324,"z":0.002245217328891158,"w":-0.9709627628326416},"size":20.868335723876954,"orthographic":false}