{"cameraMode":{"drawMode":0,"name":"Shaded","section":"Shading Mode"},"sceneLighting":false,"audioPlay":false,"sceneViewState":{"showFog":true,"showMaterialUpdate":false,"showSkybox":false,"showFlares":true,"showImageEffects":true,"showParticleSystems":true},"in2DMode":false,"pivot":{"x":12.727540016174317,"y":-5.801973342895508,"z":21.294795989990236},"rotation":{"x":0.13313795626163484,"y":0.23257577419281007,"z":-0.03215806186199188,"w":0.9628902673721314},"size":35.87077331542969,"orthographic":false}