{"cameraMode":{"drawMode":0,"name":"Shaded","section":"Shading Mode"},"sceneLighting":true,"audioPlay":false,"sceneViewState":{"showFog":true,"showMaterialUpdate":false,"showSkybox":true,"showFlares":true,"showImageEffects":true,"showParticleSystems":true},"in2DMode":false,"pivot":{"x":-124.90312957763672,"y":49.19108963012695,"z":-53.73546600341797},"rotation":{"x":-0.06095413863658905,"y":-0.5359642505645752,"z":0.03990193083882332,"w":-0.8413274884223938},"size":36.9827766418457,"orthographic":false}